observed_date,region,latitude,longitude,location,carrington_longitude,old_carrington_longitude,area,spot_class,extent,number_spots,mag_class,mag_string,status,c_xray_events,m_xray_events,x_xray_events,proton_events,s_flares,impulse_flares_1,impulse_flares_2,impulse_flares_3,impulse_flares_4,protons,c_flare_probability,m_flare_probability,x_flare_probability,proton_probability,first_date
2026-02-17,4377,7,26,N07E26,1,1.0,20.0,Cro,7.0,8.0,B,,f,0,0,0,,0,0,0,0,0,,20,1,1,1,2026-02-14T07:32:26
2026-02-17,4374,9,-37,N09W37,64,63.0,220.0,Csi,4.0,12.0,B,,f,0,0,0,,0,0,0,0,0,,35,5,1,1,2026-02-09T07:22:57
2026-02-17,4375,16,-8,N16W08,35,35.0,10.0,Hrx,1.0,1.0,A,,f,0,0,0,,0,0,0,0,0,,5,1,1,1,2026-02-11T18:52:32
2026-02-17,4373,9,-83,N09W83,110,110.0,110.0,Hax,3.0,4.0,A,,f,0,0,0,,0,0,0,0,0,,10,1,1,1,2026-02-06T19:01:29
2026-02-17,4376,13,14,N13E14,13,13.0,10.0,Axx,1.0,1.0,A,,f,0,0,0,,0,0,0,0,0,,5,1,1,1,2026-02-14T07:31:14
2026-02-16,4373,9,-69,N09W69,110,109.0,120.0,Hax,3.0,4.0,A,,f,0,0,0,,0,0,0,0,0,,15,1,1,1,2026-02-06T19:01:29
2026-02-16,4376,13,27,N13E27,13,13.0,10.0,Axx,1.0,1.0,A,,f,0,0,0,,0,0,0,0,0,,5,1,1,1,2026-02-14T07:31:14
2026-02-16,4374,9,-23,N09W23,63,65.0,210.0,Cao,5.0,5.0,B,,f,0,0,0,,1,0,0,0,0,0.0,20,5,1,1,2026-02-09T07:22:57
2026-02-16,4375,16,5,N16E05,35,35.0,10.0,Hrx,1.0,1.0,A,,f,0,0,0,,0,0,0,0,0,,5,1,1,1,2026-02-11T18:52:32
2026-02-16,4377,7,39,N07E39,1,359.0,50.0,Cro,5.0,8.0,BG,,f,0,0,0,,0,0,0,0,0,,25,1,1,1,2026-02-14T07:32:26
2026-02-15,4376,13,41,N13E41,13,13.0,10.0,Axx,1.0,1.0,A,,f,0,0,0,,0,0,0,0,0,,5,1,1,1,2026-02-14T07:31:14
2026-02-15,4371,-23,-102,S23W0*,155,154.0,,,,,,,d,0,0,0,,0,0,0,0,0,,0,0,0,0,2026-02-02T17:46:46
2026-02-15,4375,16,18,N16E18,35,35.0,20.0,Hrx,1.0,1.0,A,,f,0,0,0,,0,0,0,0,0,,5,1,1,1,2026-02-11T18:52:32
2026-02-15,4373,9,-56,N09W56,109,110.0,130.0,Hax,3.0,3.0,A,,f,0,0,0,,0,0,0,0,0,,15,1,1,1,2026-02-06T19:01:29
2026-02-15,4374,10,-11,N10W11,65,65.0,200.0,Hsx,3.0,2.0,A,,f,1,0,0,,1,0,0,0,0,0.0,10,1,1,1,2026-02-09T07:22:57
2026-02-15,4377,8,55,N08E55,359,359.0,50.0,Cro,4.0,8.0,BD,,f,0,0,0,,0,0,0,0,0,0.0,25,1,1,1,2026-02-14T07:32:26
2026-02-14,4370,-18,-101,S18W0*,168,166.0,,,,,,,d,0,0,0,,0,0,0,0,0,,0,0,0,0,2026-02-02T17:43:54
2026-02-14,4374,10,2,N10E02,65,60.0,200.0,Hsx,3.0,1.0,A,,f,2,0,0,,0,0,0,0,0,0.0,20,5,1,1,2026-02-09T07:22:57
2026-02-14,4376,13,54,N13E54,13,,10.0,Axx,1.0,1.0,A,,f,0,0,0,,0,0,0,0,0,,5,1,1,1,2026-02-14T07:31:14
2026-02-14,4373,10,-43,N10W43,110,110.0,130.0,Hax,3.0,3.0,A,,f,0,0,0,,0,0,0,0,0,0.0,15,5,1,1,2026-02-06T19:01:29
2026-02-14,4377,9,68,N09E68,359,,60.0,Cao,4.0,4.0,B,,f,0,0,0,,0,0,0,0,0,0.0,25,5,1,1,2026-02-14T07:32:26
2026-02-14,4371,-23,-88,S23W88,154,153.0,,,,,,,f,0,0,0,,0,0,0,0,0,,1,1,1,1,2026-02-02T17:46:46
2026-02-14,4369,-3,-106,S03W0*,173,171.0,50.0,Hsx,2.0,1.0,A,,d,0,0,0,,0,0,0,0,0,,0,0,0,0,2026-02-01T19:00:37
2026-02-14,4375,16,31,N16E31,35,35.0,30.0,Hax,2.0,1.0,A,,f,0,0,0,,0,0,0,0,0,,10,1,1,1,2026-02-11T18:52:32
2026-02-13,4375,16,44,N16E44,35,36.0,40.0,Hax,1.0,1.0,A,,f,0,0,0,,0,0,0,0,0,,10,1,1,1,2026-02-11T18:52:32
2026-02-13,4367,9,-97,N09W97,177,176.0,10.0,Hrx,1.0,1.0,A,,d,0,0,0,,0,0,0,0,0,,0,0,0,0,2026-01-31T18:13:27
2026-02-13,4370,-18,-87,S18W87,166,166.0,,,,,,,f,0,0,0,,0,0,0,0,0,,1,1,1,1,2026-02-02T17:43:54
2026-02-13,4373,10,-30,N10W30,110,109.0,130.0,Cao,3.0,5.0,B,,f,0,1,0,,1,0,0,0,0,0.0,35,5,1,1,2026-02-06T19:01:29
2026-02-13,4368,-9,-94,S09W94,174,173.0,,,,,,,d,0,0,0,,0,0,0,0,0,,0,0,0,0,2026-01-31T18:13:35
2026-02-13,4374,11,20,N11E20,60,62.0,210.0,Cso,11.0,3.0,B,,f,0,0,0,,0,0,0,0,0,,25,5,1,1,2026-02-09T07:22:57
2026-02-13,4371,-23,-74,S23W74,153,153.0,,,,,,,f,0,0,0,,0,0,0,0,0,,1,1,1,1,2026-02-02T17:46:46
2026-02-13,4369,-3,-91,S03W91,171,172.0,50.0,Hsx,2.0,1.0,A,,f,0,0,0,,0,0,0,0,0,,10,1,1,1,2026-02-01T19:00:37
2026-02-12,4375,15,57,N15E57,36,34.0,40.0,Hsx,1.0,1.0,A,,f,0,0,0,,0,0,0,0,0,,10,1,1,1,2026-02-11T18:52:32
2026-02-12,4373,9,-16,N09W16,109,108.0,120.0,Cao,3.0,5.0,B,,f,0,0,0,,0,0,0,0,0,,20,5,1,1,2026-02-06T19:01:29
2026-02-12,4370,-18,-73,S18W73,166,165.0,,,,,,,f,0,0,0,,0,0,0,0,0,,0,0,0,0,2026-02-02T17:43:54
2026-02-12,4369,-2,-79,S02W79,172,169.0,50.0,Hsx,2.0,1.0,A,,f,0,0,0,,0,0,0,0,0,,10,1,1,1,2026-02-01T19:00:37
2026-02-12,4368,-9,-80,S09W80,173,173.0,50.0,Hsx,1.0,1.0,A,,f,0,0,0,,0,0,0,0,0,,10,1,1,1,2026-01-31T18:13:35
2026-02-12,4371,-23,-60,S23W60,153,152.0,10.0,Axx,1.0,1.0,A,,f,0,0,0,,0,0,0,0,0,,5,1,1,1,2026-02-02T17:46:46
2026-02-12,4367,9,-83,N09W83,176,176.0,10.0,Hrx,1.0,1.0,A,,f,0,0,0,,0,0,0,0,0,,10,1,1,1,2026-01-31T18:13:27
2026-02-12,4374,10,31,N10E31,62,61.0,200.0,Cso,10.0,2.0,B,,f,0,0,0,,0,0,0,0,0,,10,1,1,1,2026-02-09T07:22:57
2026-02-11,4371,-24,-46,S24W46,152,154.0,10.0,Axx,1.0,1.0,A,,f,0,0,0,,2,0,0,0,0,0.0,5,1,1,1,2026-02-02T17:46:46
2026-02-11,4374,11,45,N11E45,61,62.0,210.0,Cso,10.0,7.0,B,,f,1,0,0,,1,0,0,0,0,0.0,15,5,1,1,2026-02-09T07:22:57
2026-02-11,4370,-18,-59,S18W59,165,164.0,,,,,,,f,0,0,0,,0,0,0,0,0,,0,0,0,0,2026-02-02T17:43:54
2026-02-11,4363,-27,-104,S27W0*,210,209.0,,,,,,,d,0,0,0,,0,0,0,0,0,,0,0,0,0,2026-01-29T17:19:20
2026-02-11,4366,15,-97,N15W97,204,204.0,800.0,Fhc,19.0,22.0,BGD,,d,8,2,0,,0,0,0,0,0,0.0,0,0,0,0,2026-01-30T21:25:43
2026-02-11,4369,-3,-63,S03W63,169,171.0,80.0,Hsx,2.0,1.0,A,,f,0,0,0,,0,0,0,0,0,,10,1,1,1,2026-02-01T19:00:37
2026-02-11,4368,-10,-67,S10W67,173,175.0,80.0,Hsx,2.0,1.0,A,,f,0,0,0,,0,0,0,0,0,,10,1,1,1,2026-01-31T18:13:35
2026-02-11,4375,16,72,N16E72,34,,60.0,Hsx,2.0,1.0,A,,f,0,0,0,,0,0,0,0,0,,10,0,0,0,2026-02-11T18:52:32
2026-02-11,4362,-18,-102,S18W0*,208,207.0,,,,,,,d,0,0,0,,0,0,0,0,0,,0,0,0,0,2026-01-29T07:28:17
2026-02-11,4367,9,-70,N09W70,176,178.0,10.0,Hrx,1.0,1.0,A,,f,0,0,0,,0,0,0,0,0,,10,1,1,1,2026-01-31T18:13:27
2026-02-11,4373,9,-2,N09W02,108,110.0,120.0,Hsx,3.0,2.0,A,,f,1,0,0,,2,0,0,0,0,0.0,10,5,1,1,2026-02-06T19:01:29
2026-02-10,4374,11,58,N11E58,62,61.0,200.0,Cso,10.0,5.0,B,,f,2,0,0,,0,0,0,0,0,0.0,50,10,1,1,2026-02-09T07:22:57
2026-02-10,4370,-18,-45,S18W45,164,163.0,,,,,,,f,0,0,0,,0,0,0,0,0,,0,0,0,0,2026-02-02T17:43:54
2026-02-10,4363,-27,-90,S27W90,209,208.0,,,,,,,f,0,0,0,,0,0,0,0,0,,0,0,0,0,2026-01-29T17:19:20
2026-02-10,4371,-23,-34,S23W34,154,154.0,20.0,Hrx,2.0,1.0,A,,f,1,0,0,,0,0,0,0,0,0.0,10,1,1,1,2026-02-02T17:46:46
2026-02-10,4368,-10,-55,S10W55,175,174.0,100.0,Hsx,2.0,1.0,A,,f,0,0,0,,0,0,0,0,0,,10,1,1,1,2026-01-31T18:13:35
2026-02-10,4362,-18,-88,S18W88,207,206.0,,,,,,,f,0,0,0,,0,0,0,0,0,,0,0,0,0,2026-01-29T07:28:17
2026-02-10,4366,14,-84,N14W84,204,203.0,800.0,Fhc,19.0,22.0,BGD,,f,5,1,0,,0,0,0,0,0,0.0,90,50,25,25,2026-01-30T21:25:43
2026-02-10,4369,-3,-51,S03W51,171,170.0,110.0,Hsx,2.0,2.0,A,,f,0,0,0,,0,0,0,0,0,,10,5,1,1,2026-02-01T19:00:37
2026-02-10,4367,9,-58,N09W58,178,177.0,15.0,Hrx,1.0,1.0,A,,f,0,0,0,,0,0,0,0,0,,10,1,1,1,2026-01-31T18:13:27
2026-02-10,4373,9,10,N09E10,110,108.0,140.0,Hax,3.0,3.0,A,,f,0,0,0,,0,0,0,0,0,,10,5,1,1,2026-02-06T19:01:29
2026-02-09,4362,-18,-74,S18W74,206,206.0,,,,,,,f,0,0,0,,0,0,0,0,0,,15,1,1,1,2026-01-29T07:28:17
2026-02-09,4369,-3,-38,S03W38,170,169.0,110.0,Hsx,2.0,1.0,A,,f,0,0,0,,0,0,0,0,0,,10,1,1,1,2026-02-01T19:00:37
2026-02-09,4366,14,-71,N14W71,203,205.0,950.0,Fhc,20.0,22.0,BGD,,f,5,1,0,,1,0,0,0,0,0.0,90,60,25,25,2026-01-30T21:25:43
2026-02-09,4373,9,24,N09E24,108,103.0,120.0,Hax,4.0,3.0,A,,f,0,0,0,,0,0,0,0,0,,15,5,1,1,2026-02-06T19:01:29
2026-02-09,4367,9,-45,N09W45,177,177.0,20.0,Hax,2.0,2.0,A,,f,0,0,0,,0,0,0,0,0,,10,5,1,1,2026-01-31T18:13:27
2026-02-09,4374,11,72,N11E72,61,,150.0,Cko,11.0,5.0,B,,f,3,0,0,,1,0,0,0,0,0.0,35,5,1,1,2026-02-09T07:22:57
2026-02-09,4363,-27,-76,S27W76,208,208.0,,,,,,,f,0,0,0,,0,0,0,0,0,,15,1,1,1,2026-01-29T17:19:20
2026-02-09,4368,-10,-42,S10W42,174,174.0,100.0,Hsx,2.0,1.0,A,,f,0,0,0,,0,0,0,0,0,,10,1,1,1,2026-01-31T18:13:35
2026-02-09,4371,-23,-22,S23W22,154,152.0,40.0,Hax,4.0,3.0,A,,f,1,0,0,,0,1,0,0,0,0.0,15,5,1,1,2026-02-02T17:46:46
2026-02-09,4370,-18,-31,S18W31,163,163.0,,,,,,,f,0,0,0,,0,0,0,0,0,,1,1,1,1,2026-02-02T17:43:54
2026-02-08,4366,14,-59,N14W59,205,205.0,1000.0,Fkc,20.0,20.0,BGD,,f,6,3,0,,7,4,1,0,0,0.0,90,60,25,25,2026-01-30T21:25:43
2026-02-08,4362,-18,-60,S18W60,206,207.0,40.0,Cao,4.0,4.0,B,,f,0,0,0,,1,0,0,0,0,0.0,15,1,1,1,2026-01-29T07:28:17
2026-02-08,4360,-16,-99,S16W99,245,244.0,,,,,,,d,0,0,0,,0,0,0,0,0,,0,0,0,0,2026-01-28T07:47:43
2026-02-08,4358,17,-98,N17W98,244,243.0,10.0,Bxo,5.0,2.0,B,,d,0,0,0,,0,0,0,0,0,,0,0,0,0,2026-01-27T17:21:40
2026-02-08,4368,-10,-28,S10W28,174,174.0,100.0,Hsx,2.0,1.0,A,,f,0,0,0,,0,0,0,0,0,,10,1,1,1,2026-01-31T18:13:35
2026-02-08,4369,-3,-23,S03W23,169,169.0,110.0,Hsx,2.0,1.0,A,,f,0,0,0,,0,0,0,0,0,,10,1,1,1,2026-02-01T19:00:37
2026-02-08,4373,8,43,N08E43,103,103.0,130.0,Cso,9.0,5.0,B,,f,0,0,0,,0,0,0,0,0,,35,5,1,1,2026-02-06T19:01:29
2026-02-08,4367,9,-31,N09W31,177,177.0,20.0,Hax,2.0,1.0,A,,f,0,0,0,,0,0,0,0,0,,15,1,1,1,2026-01-31T18:13:27
2026-02-08,4371,-23,-6,S23W06,152,153.0,60.0,Cao,5.0,4.0,B,,f,0,0,0,,0,0,0,0,0,,25,5,1,1,2026-02-02T17:46:46
2026-02-08,4363,-26,-62,S26W62,208,212.0,10.0,Bxo,3.0,2.0,B,,f,0,0,0,,0,0,0,0,0,,10,1,1,1,2026-01-29T17:19:20
2026-02-08,4370,-18,-17,S18W17,163,162.0,,,,,,,f,0,0,0,,0,0,0,0,0,,0,0,0,0,2026-02-02T17:43:54
2026-02-07,4360,-16,-85,S16W85,244,243.0,,,,,,,f,0,0,0,,0,0,0,0,0,,0,0,0,0,2026-01-28T07:47:43
2026-02-07,4363,-26,-53,S26W53,212,211.0,,,,,,,f,0,0,0,,0,0,0,0,0,,0,0,0,0,2026-01-29T17:19:20
2026-02-07,4373,9,56,N09E56,103,106.0,130.0,Cso,8.0,6.0,B,,f,0,0,0,,0,0,0,0,0,,30,1,1,1,2026-02-06T19:01:29
2026-02-07,4358,17,-84,N17W84,243,243.0,10.0,Bxo,5.0,2.0,B,,f,1,0,0,,0,0,0,0,0,0.0,10,1,1,1,2026-01-27T17:21:40
2026-02-07,4371,-23,6,S23E06,153,152.0,120.0,Dao,7.0,7.0,B,,f,1,0,0,,0,0,0,0,0,0.0,50,10,1,1,2026-02-02T17:46:46
2026-02-07,4362,-17,-48,S17W48,207,207.0,50.0,Dao,5.0,3.0,B,,f,1,0,0,,0,0,0,0,0,0.0,25,5,1,1,2026-01-29T07:28:17
2026-02-07,4366,14,-46,N14W46,205,205.0,1000.0,Fkc,20.0,25.0,BGD,,f,3,0,0,,0,0,0,0,0,0.0,90,60,20,20,2026-01-30T21:25:43
2026-02-07,4369,-3,-10,S03W10,169,169.0,110.0,Hsx,2.0,1.0,A,,f,0,0,0,,0,0,0,0,0,,10,1,1,1,2026-02-01T19:00:37
2026-02-07,4372,-23,-96,S23W96,255,254.0,,,,,,,d,0,0,0,,0,0,0,0,0,,0,0,0,0,2026-02-03T18:25:19
2026-02-07,4367,9,-18,N09W18,177,174.0,40.0,Cao,4.0,3.0,B,,f,0,0,0,,0,0,0,0,0,,15,1,1,1,2026-01-31T18:13:27
2026-02-07,4370,-18,-3,S18W03,162,161.0,,,,,,,f,0,0,0,,0,0,0,0,0,,0,0,0,0,2026-02-02T17:43:54
2026-02-07,4368,-10,-15,S10W15,174,175.0,100.0,Hsx,1.0,1.0,A,,f,0,0,0,,0,0,0,0,0,,10,1,1,1,2026-01-31T18:13:35
2026-02-06,4362,-17,-35,S17W35,207,207.0,20.0,Cao,3.0,3.0,B,,f,2,0,0,,1,0,0,0,0,0.0,20,5,1,1,2026-01-29T07:28:17
2026-02-06,4366,14,-33,N14W33,205,204.0,1100.0,Fkc,19.0,20.0,BGD,,f,8,0,0,,4,1,0,0,0,0.0,95,60,20,15,2026-01-30T21:25:43
2026-02-06,4369,-3,3,S03E03,169,168.0,70.0,Hsx,2.0,1.0,A,,f,0,0,0,,0,0,0,0,0,,5,1,1,1,2026-02-01T19:00:37
2026-02-06,4360,-16,-71,S16W71,243,242.0,,,,,,,f,0,0,0,,0,0,0,0,0,,0,0,0,0,2026-01-28T07:47:43
2026-02-06,4372,-23,-82,S23W82,254,253.0,,,,,,,f,1,0,0,,0,0,0,0,0,0.0,0,0,0,0,2026-02-03T18:25:19
2026-02-06,4363,-26,-39,S26W39,211,210.0,,,,,,,f,0,0,0,,0,0,0,0,0,,0,0,0,0,2026-01-29T17:19:20
2026-02-06,4373,10,66,N10E66,106,,60.0,Hsx,2.0,1.0,A,,f,0,0,0,,0,0,0,0,0,,10,0,0,0,2026-02-06T19:01:29
2026-02-06,4358,17,-71,N17W71,243,242.0,10.0,Bxo,5.0,3.0,B,,f,0,0,0,,0,0,0,0,0,,10,1,1,1,2026-01-27T17:21:40
2026-02-06,4368,-10,-3,S10W03,175,174.0,50.0,Hsx,2.0,1.0,A,,f,0,0,0,,0,0,0,0,0,,5,1,1,1,2026-01-31T18:13:35
2026-02-06,4371,-23,20,S23E20,152,151.0,150.0,Dai,9.0,8.0,BD,,f,1,0,0,,2,0,0,0,0,0.0,60,15,5,1,2026-02-02T17:46:46
2026-02-06,4367,9,-2,N09W02,174,174.0,40.0,Cao,7.0,4.0,B,,f,0,0,0,,0,0,0,0,0,,20,5,1,1,2026-01-31T18:13:27
2026-02-06,4370,-18,11,S18E11,161,160.0,10.0,Axx,1.0,1.0,A,,f,0,0,0,,0,0,0,0,0,,5,1,1,1,2026-02-02T17:43:54
2026-02-06,4359,22,-93,N22W93,265,264.0,,,,,,,d,0,0,0,,0,0,0,0,0,,0,0,0,0,2026-01-28T07:42:37
2026-02-05,4359,22,-79,N22W79,264,263.0,,,,,,,f,0,0,0,,0,0,0,0,0,,1,1,1,1,2026-01-28T07:42:37
2026-02-05,4362,-17,-22,S17W22,207,206.0,40.0,Cao,4.0,8.0,B,,f,1,2,0,,0,2,0,0,0,0.0,20,5,1,1,2026-01-29T07:28:17
2026-02-05,4369,-3,17,S03E17,168,168.0,40.0,Hsx,2.0,1.0,A,,f,0,0,0,,0,0,0,0,0,,5,1,1,1,2026-02-01T19:00:37
2026-02-05,4372,-23,-68,S23W68,253,252.0,,,,,,,f,0,1,0,,0,1,0,0,0,0.0,1,1,1,1,2026-02-03T18:25:19
2026-02-05,4371,-23,34,S23E34,151,151.0,120.0,Dki,8.0,14.0,BD,,f,1,0,0,,0,0,0,0,0,0.0,65,25,5,1,2026-02-02T17:46:46
2026-02-05,4360,-16,-57,S16W57,242,241.0,,,,,,,f,0,0,0,,0,0,0,0,0,,1,1,1,1,2026-01-28T07:47:43
2026-02-05,4363,-26,-25,S26W25,210,209.0,,,,,,,f,0,0,0,,0,0,0,0,0,,1,1,1,1,2026-01-29T17:19:20
2026-02-05,4366,14,-19,N14W19,204,205.0,1100.0,Fkc,18.0,25.0,BGD,,f,10,6,0,,6,0,0,0,0,0.0,90,60,15,15,2026-01-30T21:25:43
2026-02-05,4370,-19,25,S19E25,160,159.0,10.0,Axx,1.0,2.0,A,,f,0,0,0,,0,0,0,0,0,,5,1,1,1,2026-02-02T17:43:54
2026-02-05,4358,17,-57,N17W57,242,242.0,30.0,Bxo,5.0,3.0,B,,f,0,0,0,,0,0,0,0,0,,5,1,1,1,2026-01-27T17:21:40
2026-02-05,4368,-10,12,S10E12,174,173.0,40.0,Hsx,2.0,1.0,A,,f,0,0,0,,0,0,0,0,0,,5,1,1,1,2026-01-31T18:13:35
2026-02-05,4367,9,12,N09E12,174,174.0,50.0,Cao,8.0,5.0,B,,f,0,0,0,,0,0,0,0,0,,20,5,1,1,2026-01-31T18:13:27
2026-02-05,4365,26,-95,N26W95,280,279.0,,,,,,,d,0,0,0,,0,0,0,0,0,,0,0,0,0,2026-01-30T08:22:31
2026-02-04,4363,-26,-11,S26W11,209,208.0,,,,,,,f,0,0,0,,0,0,0,0,0,,1,1,1,1,2026-01-29T17:19:20
2026-02-04,4359,22,-65,N22W65,263,262.0,,,,,,,f,0,0,0,,0,0,0,0,0,,1,1,1,1,2026-01-28T07:42:37
2026-02-04,4366,14,-7,N14W07,205,204.0,1090.0,Fkc,17.0,47.0,BGD,,f,3,11,1,,4,2,1,0,0,0.0,99,75,25,25,2026-01-30T21:25:43
2026-02-04,4372,-23,-54,S23W54,252,250.0,10.0,Axx,3.0,1.0,A,,f,0,0,0,,0,0,0,0,0,,5,1,1,1,2026-02-03T18:25:19
2026-02-04,4367,9,25,N09E25,174,174.0,50.0,Cao,9.0,5.0,B,,f,0,0,0,,0,0,0,0,0,,20,5,1,1,2026-01-31T18:13:27
2026-02-04,4358,16,-44,N16W44,242,241.0,20.0,Cro,4.0,3.0,B,,f,0,0,0,,0,0,0,0,0,,15,1,1,1,2026-01-27T17:21:40
2026-02-04,4362,-16,-8,S16W08,206,206.0,30.0,Cao,4.0,6.0,B,,f,0,0,0,,1,0,0,0,0,0.0,20,5,1,1,2026-01-29T07:28:17
2026-02-04,4364,-17,-103,S17W0*,301,300.0,,,,,,,d,0,0,0,,0,0,0,0,0,,0,0,0,0,2026-01-30T08:21:30
2026-02-04,4365,26,-81,N26W81,279,278.0,,,,,,,f,0,0,0,,0,0,0,0,0,,1,1,1,1,2026-01-30T08:22:31
2026-02-04,4371,-23,47,S23E47,151,151.0,50.0,Dao,8.0,10.0,B,,f,1,0,0,,0,0,0,0,0,0.0,25,5,1,1,2026-02-02T17:46:46
2026-02-04,4368,-10,25,S10E25,173,174.0,40.0,Hsx,2.0,1.0,A,,f,0,0,0,,0,0,0,0,0,,5,1,5,1,2026-01-31T18:13:35
2026-02-04,4360,-16,-43,S16W43,241,240.0,,,,,,,f,0,0,0,,0,0,0,0,0,,1,1,1,1,2026-01-28T07:47:43
2026-02-04,4370,-19,39,S19E39,159,161.0,10.0,Axx,1.0,1.0,A,,f,0,0,0,,0,0,0,0,0,,5,1,1,1,2026-02-02T17:43:54
2026-02-04,4369,-4,30,S04E30,168,168.0,40.0,Cso,2.0,2.0,B,,f,0,0,0,,0,0,0,0,0,,15,1,1,1,2026-02-01T19:00:37
2026-02-03,4366,14,7,N14E07,204,204.0,1100.0,Fkc,16.0,42.0,BGD,,f,5,11,1,,5,6,0,0,0,0.0,95,65,35,30,2026-01-30T21:25:43
2026-02-03,4370,-18,50,S18E50,161,161.0,30.0,Cro,1.0,1.0,B,,f,0,0,0,,0,0,0,0,0,,15,5,1,1,2026-02-02T17:43:54
2026-02-03,4358,16,-30,N16W30,241,244.0,30.0,Cro,4.0,5.0,B,,f,0,0,0,,0,0,0,0,0,,15,5,1,1,2026-01-27T17:21:40
2026-02-03,4371,-22,60,S22E60,151,155.0,40.0,Dao,9.0,8.0,B,,f,0,0,0,,0,0,0,0,0,,30,5,1,1,2026-02-02T17:46:46
2026-02-03,4360,-16,-29,S16W29,240,240.0,,,,,,,f,0,0,0,,0,0,0,0,0,,0,0,0,0,2026-01-28T07:47:43
2026-02-03,4363,-26,3,S26E03,208,208.0,,,,,,,f,0,0,0,,0,0,0,0,0,,0,0,0,0,2026-01-29T17:19:20
2026-02-03,4364,-17,-89,S17W89,300,300.0,,,,,,,f,0,0,0,,0,0,0,0,0,,0,0,0,0,2026-01-30T08:21:30
2026-02-03,4367,9,38,N09E38,174,175.0,50.0,Cao,8.0,10.0,B,,f,0,0,0,,0,0,0,0,0,,20,5,1,1,2026-01-31T18:13:27
2026-02-03,4359,22,-51,N22W51,262,262.0,,,,,,,f,0,0,0,,0,0,0,0,0,,0,0,0,0,2026-01-28T07:42:37
2026-02-03,4369,-3,43,S03E43,168,168.0,40.0,Hsx,2.0,1.0,A,,f,0,0,0,,0,0,0,0,0,,10,1,1,1,2026-02-01T19:00:37
2026-02-03,4368,-10,38,S10E38,174,175.0,40.0,Hsx,2.0,1.0,A,,f,0,0,0,,0,0,0,0,0,,10,1,1,1,2026-01-31T18:13:35
2026-02-03,4372,-24,-39,S24W39,250,,15.0,Bxo,4.0,6.0,B,,f,0,0,0,,0,0,0,0,0,,10,1,1,1,2026-02-03T18:25:19
2026-02-03,4355,-13,-91,S13W91,302,302.0,,,,,,,d,0,0,0,,0,0,0,0,0,,0,0,0,0,2026-01-24T08:37:28
2026-02-03,4362,-16,6,S16E06,206,207.0,40.0,Cao,5.0,7.0,BG,,f,0,0,0,,0,0,0,0,0,,20,5,1,1,2026-01-29T07:28:17
2026-02-03,4365,26,-67,N26W67,278,278.0,,,,,,,f,0,0,0,,0,0,0,0,0,,0,0,0,0,2026-01-30T08:22:31
2026-02-02,4357,-13,-94,S13W94,319,318.0,,,,,,,d,0,0,0,,0,0,0,0,0,,5,1,1,1,2026-01-27T06:33:25
2026-02-02,4360,-16,-15,S16W15,240,239.0,,,,,,,f,0,0,0,,0,0,0,0,0,,0,0,0,0,2026-01-28T07:47:43
2026-02-02,4367,9,50,N09E50,175,176.0,50.0,Cso,5.0,4.0,B,,f,0,0,0,,0,0,0,0,0,,15,5,1,1,2026-01-31T18:13:27
2026-02-02,4369,-2,57,S02E57,168,167.0,120.0,Hsx,2.0,1.0,A,,f,0,0,0,,0,0,0,0,0,,10,1,1,1,2026-02-01T19:00:37
2026-02-02,4362,-17,18,S17E18,207,207.0,40.0,Hsx,2.0,1.0,A,,f,0,0,0,,0,0,0,0,0,,10,1,1,1,2026-01-29T07:28:17
2026-02-02,4365,26,-53,N26W53,278,277.0,,,,,,,f,0,0,0,,0,0,0,0,0,,0,0,0,0,2026-01-30T08:22:31
2026-02-02,4361,19,-98,N19W98,323,322.0,,,,,,,d,0,0,0,,0,0,0,0,0,,0,0,0,0,2026-01-28T07:51:41
2026-02-02,4356,-10,-104,S10W0*,329,328.0,,,,,,,d,0,0,0,,0,0,0,0,0,,0,0,0,0,2026-01-26T21:16:37
2026-02-02,4363,-26,17,S26E17,208,207.0,,,,,,,f,0,0,0,,0,0,0,0,0,,0,0,0,0,2026-01-29T17:19:20
2026-02-02,4366,14,21,N14E21,204,202.0,730.0,Ekc,14.0,45.0,BGD,,f,1,15,2,,0,1,1,0,0,0.0,99,80,40,60,2026-01-30T21:25:43
2026-02-02,4355,-13,-77,S13W77,302,301.0,,,,,,,f,0,0,0,,0,0,0,0,0,,0,0,0,0,2026-01-24T08:37:28
2026-02-02,4358,14,-19,N14W19,244,243.0,,,,,,,f,0,0,0,,0,0,0,0,0,,0,0,0,0,2026-01-27T17:21:40
2026-02-02,4364,-17,-75,S17W75,300,299.0,,,,,,,f,0,0,0,,0,0,0,0,0,,0,0,0,0,2026-01-30T08:21:30
2026-02-02,4371,-22,70,S22E70,155,,20.0,Bxo,3.0,4.0,B,,f,0,0,0,,0,0,0,0,0,,10,1,1,1,2026-02-02T17:46:46
2026-02-02,4359,22,-37,N22W37,262,261.0,,,,,,,f,0,0,0,,0,0,0,0,0,,0,0,0,0,2026-01-28T07:42:37
2026-02-02,4368,-10,51,S10E51,175,175.0,30.0,Hsx,3.0,1.0,A,,f,0,0,0,,0,0,0,0,0,,10,1,1,1,2026-01-31T18:13:35
2026-02-02,4370,-18,64,S18E64,161,,30.0,Cro,5.0,5.0,B,,f,0,0,0,,0,0,0,0,0,,15,5,1,1,2026-02-02T17:43:54
2026-02-01,4349,-14,-100,S14W0*,338,337.0,40.0,Cso,6.0,4.0,B,,d,0,0,0,,0,0,0,0,0,,0,0,0,0,2026-01-19T10:55:25
2026-02-01,4369,-1,71,S01E71,167,,120.0,Hsx,4.0,1.0,A,,f,0,0,0,,0,0,0,0,0,,10,1,1,1,2026-02-01T19:00:37
2026-02-01,4364,-17,-61,S17W61,299,298.0,,,,,,,f,0,0,0,,0,0,0,0,0,,0,0,0,0,2026-01-30T08:21:30
2026-02-01,4367,7,62,N07E62,176,176.0,30.0,Hsx,3.0,1.0,A,,f,0,0,0,,0,0,0,0,0,,10,1,1,1,2026-01-31T18:13:27
2026-02-01,4361,19,-84,N19W84,322,321.0,,,,,,,f,0,0,0,,0,0,0,0,0,,0,0,0,0,2026-01-28T07:51:41
2026-02-01,4363,-26,31,S26E31,207,206.0,,,,,,,f,0,0,0,,0,0,0,0,0,,0,0,0,0,2026-01-29T17:19:20
2026-02-01,4366,14,35,N14E35,202,200.0,550.0,Ekc,12.0,21.0,BGD,,f,2,17,2,,0,0,1,0,0,0.0,99,75,25,5,2026-01-30T21:25:43
2026-02-01,4355,-13,-63,S13W63,301,300.0,,,,,,,f,0,0,0,,0,0,0,0,0,,0,0,0,0,2026-01-24T08:37:28
2026-02-01,4358,14,-5,N14W05,243,242.0,,,,,,,f,0,0,0,,0,0,0,0,0,,0,0,0,0,2026-01-27T17:21:40
2026-02-01,4368,-10,63,S10E63,175,175.0,30.0,Hsx,3.0,1.0,A,,f,0,0,0,,0,0,0,0,0,,10,1,1,1,2026-01-31T18:13:35
2026-02-01,4357,-13,-80,S13W80,318,311.0,10.0,Axx,1.0,1.0,A,,f,0,0,0,,0,0,0,0,0,,5,1,1,1,2026-01-27T06:33:25
2026-02-01,4360,-16,-1,S16W01,239,238.0,,,,,,,f,0,0,0,,0,0,0,0,0,,0,0,0,0,2026-01-28T07:47:43
2026-02-01,4356,-10,-90,S10W90,328,327.0,,,,,,,f,0,0,0,,0,0,0,0,0,,0,0,0,0,2026-01-26T21:16:37
2026-02-01,4359,22,-23,N22W23,261,260.0,10.0,Axx,1.0,1.0,A,,f,0,0,0,,0,0,0,0,0,,5,1,1,1,2026-01-28T07:42:37
2026-02-01,4362,-18,31,S18E31,207,206.0,40.0,Hsx,3.0,1.0,A,,f,0,0,0,,0,0,0,0,0,,10,1,1,1,2026-01-29T07:28:17
2026-02-01,4365,26,-39,N26W39,277,276.0,,,,,,,f,0,0,0,,0,0,0,0,0,,0,0,0,0,2026-01-30T08:22:31
2026-01-31,4360,-16,13,S16E13,238,237.0,10.0,Axx,1.0,1.0,A,,f,0,0,0,,0,0,0,0,0,,5,1,1,1,2026-01-28T07:47:43
2026-01-31,4363,-26,45,S26E45,206,205.0,30.0,Cao,2.0,2.0,B,,f,1,0,0,,0,0,0,0,0,0.0,20,5,1,1,2026-01-29T17:19:20
2026-01-31,4362,-18,45,S18E45,206,206.0,40.0,Hax,1.0,1.0,A,,f,0,0,0,,0,0,0,0,0,,10,1,1,1,2026-01-29T07:28:17
2026-01-31,4349,-14,-86,S14W86,337,337.0,40.0,Cso,6.0,4.0,B,,f,0,0,0,,0,0,0,0,0,,15,1,1,1,2026-01-19T10:55:25
2026-01-31,4365,26,-25,N26W25,276,276.0,,,,,,,f,0,0,0,,0,0,0,0,0,,0,0,0,0,2026-01-30T08:22:31
2026-01-31,4368,-8,76,S08E76,175,,120.0,Hsx,2.0,1.0,A,,f,0,0,0,,0,0,0,0,0,,10,1,1,1,2026-01-31T18:13:35
2026-01-31,4356,-10,-76,S10W76,327,326.0,,,,,,,f,0,0,0,,0,0,0,0,0,,0,0,0,0,2026-01-26T21:16:37
2026-01-31,4359,21,-9,N21W09,260,263.0,10.0,Cao,3.0,4.0,B,,f,0,0,0,,0,0,0,0,0,,20,5,1,1,2026-01-28T07:42:37
2026-01-31,4350,18,-98,N18W98,349,348.0,,,,,,,d,0,0,0,,0,0,0,0,0,,0,0,0,0,2026-01-19T17:42:12
2026-01-31,4357,-14,-60,S14W60,311,311.0,20.0,Cao,8.0,4.0,B,,f,1,0,0,,0,0,1,0,0,0.0,20,5,1,1,2026-01-27T06:33:25
2026-01-31,4364,-17,-47,S17W47,298,297.0,,,,,,,f,0,0,0,,0,0,0,0,0,,0,0,0,0,2026-01-30T08:21:30
2026-01-31,4355,-13,-49,S13W49,300,299.0,,,,,,,f,0,0,0,,0,0,0,0,0,,0,0,0,0,2026-01-24T08:37:28
2026-01-31,4358,14,9,N14E09,242,241.0,10.0,Bxo,2.0,1.0,B,,f,0,0,0,,0,0,0,0,0,,10,1,1,1,2026-01-27T17:21:40
2026-01-31,4366,13,51,N13E51,200,199.0,60.0,Dai,6.0,7.0,BGD,,f,15,0,0,,1,0,0,0,0,0.0,75,15,1,1,2026-01-30T21:25:43
2026-01-31,4361,19,-70,N19W70,321,320.0,,,,,,,f,0,0,0,,0,0,0,0,0,,0,0,0,0,2026-01-28T07:51:41
2026-01-31,4367,10,75,N10E75,176,,60.0,Hsx,2.0,1.0,A,,f,0,0,0,,0,0,0,0,0,,10,1,1,1,2026-01-31T18:13:27
2026-01-30,4350,18,-84,N18W84,348,347.0,,,,,,,f,0,0,0,,0,0,0,0,0,,0,0,0,0,2026-01-19T17:42:12
2026-01-30,4359,18,1,N18E01,263,262.0,10.0,Axx,1.0,1.0,A,,f,0,0,0,,0,0,0,0,0,,5,1,1,1,2026-01-28T07:42:37
2026-01-30,4360,-15,26,S15E26,237,234.0,10.0,Axx,1.0,1.0,A,,f,0,0,0,,0,0,0,0,0,,5,1,1,1,2026-01-28T07:47:43
2026-01-30,4363,-24,59,S24E59,205,203.0,30.0,Cao,7.0,3.0,B,,f,1,0,0,,0,0,0,0,0,0.0,20,5,1,1,2026-01-29T17:19:20
2026-01-30,4355,-13,-35,S13W35,299,298.0,,,,,,,f,0,0,0,,0,0,0,0,0,,0,0,0,0,2026-01-24T08:37:28
2026-01-30,4351,-4,-102,S04W0*,6,4.0,20.0,Cro,6.0,5.0,B,,d,0,0,0,,0,0,0,0,0,,0,0,0,0,2026-01-19T17:44:24
2026-01-30,4358,14,23,N14E23,241,240.0,10.0,Axx,3.0,2.0,A,,f,0,0,0,,0,0,0,0,0,,5,1,1,1,2026-01-27T17:21:40
2026-01-30,4361,19,-56,N19W56,320,319.0,,,,,,,f,0,0,0,,0,0,0,0,0,,0,0,0,0,2026-01-28T07:51:41
2026-01-30,4354,-11,-97,S11W97,1,0.0,,,,,,,d,0,0,0,,0,0,0,0,0,,0,0,0,0,2026-01-22T19:15:35
2026-01-30,4349,-14,-73,S14W73,337,337.0,130.0,Cso,3.0,4.0,B,,f,1,0,0,,0,0,0,0,0,0.0,15,1,1,1,2026-01-19T10:55:25
2026-01-30,4365,28,-12,N28W12,276,,10.0,Axx,1.0,1.0,A,,f,1,0,0,,0,0,0,0,0,0.0,5,1,1,1,2026-01-30T08:22:31
2026-01-30,4364,-17,-33,S17W33,297,,,,,,,,f,0,0,0,,0,0,0,0,0,,1,1,1,1,2026-01-30T08:21:30
2026-01-30,4362,-17,58,S17E58,206,205.0,20.0,Hsx,1.0,1.0,A,,f,1,0,0,,0,0,0,0,0,0.0,10,1,1,1,2026-01-29T07:28:17
2026-01-30,4357,-13,-47,S13W47,311,311.0,20.0,Cao,8.0,5.0,B,,f,0,0,0,,0,1,0,0,0,0.0,20,5,1,1,2026-01-27T06:33:25
2026-01-30,4353,18,-96,N18W96,360,359.0,,,,,,,d,0,0,0,,0,0,0,0,0,,1,1,1,1,2026-01-22T07:35:46
2026-01-30,4356,-10,-62,S10W62,326,325.0,,,,,,,f,0,0,0,,0,0,0,0,0,,0,0,0,0,2026-01-26T21:16:37
2026-01-30,4366,16,65,N16E65,199,,60.0,Dai,5.0,4.0,B,,f,1,0,0,,0,0,0,0,0,0.0,50,10,1,1,2026-01-30T21:25:43
2026-01-29,4355,-13,-21,S13W21,298,297.0,,,,,,,f,0,0,0,,0,0,0,0,0,,0,0,0,0,2026-01-24T08:37:28
2026-01-29,4351,-4,-87,S04W87,4,4.0,20.0,Cro,6.0,5.0,B,,f,0,0,0,,0,0,0,0,0,,15,1,1,1,2026-01-19T17:44:24
2026-01-29,4354,-11,-83,S11W83,0,359.0,,,,,,,f,0,0,0,,0,0,0,0,0,,0,0,0,0,2026-01-22T19:15:35
2026-01-29,4349,-14,-60,S14W60,337,336.0,130.0,Hax,3.0,3.0,A,,f,0,0,0,,0,0,0,0,0,,10,1,1,1,2026-01-19T10:55:25
2026-01-29,4347,11,-100,N11W0*,17,16.0,50.0,Hsx,3.0,2.0,A,,d,0,0,0,,0,0,0,0,0,,0,0,0,0,2026-01-16T19:46:04
2026-01-29,4350,18,-70,N18W70,347,346.0,,,,,,,f,0,0,0,,0,0,0,0,0,,0,0,0,0,2026-01-19T17:42:12
2026-01-29,4353,18,-82,N18W82,359,359.0,10.0,Bxo,3.0,3.0,B,,f,1,0,0,,0,0,0,0,0,0.0,10,1,1,1,2026-01-22T07:35:46
2026-01-29,4356,-10,-48,S10W48,325,324.0,,,,,,,f,0,0,0,,0,0,0,0,0,,0,0,0,0,2026-01-26T21:16:37
2026-01-29,4363,-23,74,S23E74,203,,20.0,Hrx,1.0,1.0,A,,f,1,0,0,,0,0,0,0,0,0.0,10,0,0,0,2026-01-29T17:19:20
2026-01-29,4359,18,15,N18E15,262,263.0,10.0,Axx,1.0,2.0,A,,f,0,0,0,,0,0,0,0,0,,5,1,1,1,2026-01-28T07:42:37
2026-01-29,4362,-17,72,S17E72,205,,30.0,Hsx,2.0,1.0,A,,f,0,0,0,,0,0,0,0,0,,10,1,1,1,2026-01-29T07:28:17
2026-01-29,4357,-13,-34,S13W34,311,310.0,40.0,Cri,7.0,8.0,B,,f,0,0,0,,0,0,0,0,0,,35,10,1,1,2026-01-27T06:33:25
2026-01-29,4360,-15,43,S15E43,234,233.0,10.0,Hrx,1.0,1.0,A,,f,0,0,0,,0,0,0,0,0,,10,1,1,1,2026-01-28T07:47:43
2026-01-29,4358,14,37,N14E37,240,240.0,10.0,Bxo,3.0,3.0,B,,f,0,0,0,,0,0,0,0,0,,10,1,1,1,2026-01-27T17:21:40
2026-01-29,4361,19,-42,N19W42,319,319.0,,,,,,,f,0,0,0,,0,0,0,0,0,,0,0,0,0,2026-01-28T07:51:41
2026-01-28,4349,-14,-46,S14W46,336,338.0,120.0,Hsx,3.0,1.0,A,,f,0,0,0,,0,0,0,0,0,,10,1,1,1,2026-01-19T10:55:25
2026-01-28,4352,-2,-91,S02W91,21,20.0,,,,,,,d,0,0,0,,0,0,0,0,0,,0,0,0,0,2026-01-20T19:20:53
2026-01-28,4355,-13,-7,S13W07,297,299.0,10.0,Axx,1.0,1.0,A,,f,1,0,0,,0,0,0,0,0,0.0,5,1,1,1,2026-01-24T08:37:28
2026-01-28,4354,-11,-69,S11W69,359,359.0,,,,,,,f,0,0,0,,0,0,0,0,0,,0,0,0,0,2026-01-22T19:15:35
2026-01-28,4350,18,-56,N18W56,346,346.0,,,,,,,f,0,0,0,,0,0,0,0,0,,0,0,0,0,2026-01-19T17:42:12
2026-01-28,4351,-4,-74,S04W74,4,5.0,60.0,Dao,6.0,7.0,B,,f,0,0,0,,0,0,0,0,0,,30,5,1,1,2026-01-19T17:44:24
2026-01-28,4357,-13,-20,S13W20,310,309.0,30.0,Cro,6.0,7.0,B,,f,1,0,0,,0,0,0,0,0,0.0,20,1,1,1,2026-01-27T06:33:25
2026-01-28,4347,11,-86,N11W86,16,16.0,50.0,Hsx,3.0,2.0,A,,f,0,0,0,,0,0,0,0,0,,10,1,1,1,2026-01-16T19:46:04
2026-01-28,4353,17,-71,N17W71,359,360.0,30.0,Cro,6.0,7.0,B,,f,0,0,0,,0,0,0,0,0,,15,1,1,1,2026-01-22T07:35:46
2026-01-28,4360,-15,57,S15E57,233,,30.0,Cro,3.0,3.0,B,,f,0,0,0,,0,0,0,0,0,,15,1,1,1,2026-01-28T07:47:43
2026-01-28,4356,-10,-34,S10W34,324,324.0,,,,,,,f,0,0,0,,0,0,0,0,0,,0,0,0,0,2026-01-26T21:16:37
2026-01-28,4359,18,27,N18E27,263,,10.0,Bxo,3.0,2.0,B,,f,0,0,0,,0,0,0,0,0,,10,1,1,1,2026-01-28T07:42:37
2026-01-28,4358,14,50,N14E50,240,240.0,10.0,Bxo,3.0,3.0,B,,f,0,0,0,,0,0,0,0,0,,10,1,1,1,2026-01-27T17:21:40
2026-01-28,4361,19,-29,N19W29,319,,10.0,Bxo,3.0,2.0,B,,f,0,0,0,,0,0,0,0,0,,10,1,1,1,2026-01-28T07:51:41
2026-01-27,4341,-10,-101,S10W0*,45,44.0,60.0,Hax,4.0,1.0,A,,d,0,0,0,,0,0,0,0,0,,0,0,0,0,2026-01-14T10:59:35
2026-01-27,4350,18,-42,N18W42,346,345.0,,,,,,,f,0,0,0,,0,0,0,0,0,,0,0,0,0,2026-01-19T17:42:12
2026-01-27,4353,17,-58,N17W58,360,360.0,10.0,Bxo,2.0,3.0,B,,f,1,0,0,,0,0,0,0,0,0.0,10,1,1,1,2026-01-22T07:35:46
2026-01-27,4356,-12,-20,S12W20,324,324.0,10.0,Axx,1.0,1.0,A,,f,0,0,0,,0,0,0,0,0,,5,1,1,1,2026-01-26T21:16:37
2026-01-27,4352,-2,-76,S02W76,20,18.0,,,,,,,f,0,0,0,,0,0,0,0,0,,0,0,0,0,2026-01-20T19:20:53
2026-01-27,4349,-14,-34,S14W34,338,336.0,120.0,Hsx,2.0,1.0,A,,f,0,0,0,,0,0,0,0,0,,15,1,1,1,2026-01-19T10:55:25
2026-01-27,4345,-17,-96,S17W96,40,39.0,,,,,,,d,0,0,0,,0,0,0,0,0,,10,1,1,1,2026-01-15T22:57:46
2026-01-27,4351,-5,-61,S05W61,5,4.0,60.0,Dao,5.0,6.0,B,,f,3,0,0,,1,0,0,0,0,0.0,50,10,1,1,2026-01-19T17:44:24
2026-01-27,4347,9,-72,N09W72,16,16.0,60.0,Hsx,3.0,2.0,A,,f,0,0,0,,0,0,0,0,0,,10,1,1,1,2026-01-16T19:46:04
2026-01-27,4346,-14,-91,S14W91,35,34.0,,,,,,,d,0,0,0,,0,0,0,0,0,,0,0,0,0,2026-01-15T22:59:08
2026-01-27,4357,-13,-5,S13W05,309,,20.0,Cao,4.0,5.0,B,,f,0,0,0,,1,0,0,0,0,0.0,25,5,1,1,2026-01-27T06:33:25
2026-01-27,4342,16,-99,N16W99,43,42.0,90.0,Cso,3.0,3.0,B,,d,2,0,0,,0,0,0,0,0,0.0,0,0,0,0,2026-01-14T18:12:31
2026-01-27,4355,-13,5,S13E05,299,299.0,10.0,Hrx,1.0,1.0,A,,f,0,0,0,,0,0,0,0,0,,20,5,1,1,2026-01-24T08:37:28
2026-01-27,4358,14,64,N14E64,240,,10.0,Axx,1.0,1.0,A,,f,0,0,0,,0,0,0,0,0,,5,0,0,0,2026-01-27T17:21:40
2026-01-27,4354,-11,-55,S11W55,359,358.0,,,,,,,f,0,0,0,,0,0,0,0,0,,0,0,0,0,2026-01-22T19:15:35
2026-01-26,4345,-17,-82,S17W82,39,39.0,80.0,Cso,8.0,3.0,B,,f,0,0,0,,0,0,0,0,0,,15,1,1,1,2026-01-15T22:57:46
2026-01-26,4347,10,-59,N10W59,16,15.0,60.0,Hsx,2.0,1.0,A,,f,0,0,0,,0,0,0,0,0,,10,1,1,1,2026-01-16T19:46:04
2026-01-26,4354,-11,-41,S11W41,358,357.0,,,,,,,f,0,0,0,,0,0,0,0,0,,0,0,0,0,2026-01-22T19:15:35
2026-01-26,4355,-12,18,S12E18,299,299.0,20.0,Cao,3.0,3.0,B,,f,1,0,0,,0,0,0,0,0,0.0,20,5,1,1,2026-01-24T08:37:28
2026-01-26,4353,18,-43,N18W43,360,359.0,40.0,Dso,4.0,3.0,B,,f,0,0,0,,0,0,0,0,0,,25,5,1,1,2026-01-22T07:35:46
2026-01-26,4350,18,-28,N18W28,345,344.0,,,,,,,f,0,0,0,,0,0,0,0,0,,0,0,0,0,2026-01-19T17:42:12
2026-01-26,4356,-12,-7,S12W07,324,,10.0,Axx,1.0,1.0,A,,f,0,0,0,,0,0,0,0,0,,5,0,0,0,2026-01-26T21:16:37
2026-01-26,4346,-14,-77,S14W77,34,33.0,,,,,,,f,0,0,0,,0,0,0,0,0,,0,0,0,0,2026-01-15T22:59:08
2026-01-26,4349,-14,-19,S14W19,336,336.0,160.0,Cso,4.0,3.0,B,,f,0,0,0,,0,0,0,0,0,,15,1,1,1,2026-01-19T10:55:25
2026-01-26,4352,-2,-61,S02W61,18,17.0,,,,,,,f,0,0,0,,0,0,0,0,0,,0,0,0,0,2026-01-20T19:20:53
2026-01-26,4342,16,-85,N16W85,42,42.0,90.0,Cso,3.0,3.0,B,,f,1,0,0,,0,0,0,0,0,0.0,15,5,1,1,2026-01-14T18:12:31
2026-01-26,4351,-5,-47,S05W47,4,4.0,40.0,Dao,5.0,7.0,B,,f,3,0,0,,3,1,0,0,0,0.0,15,1,1,1,2026-01-19T17:44:24
2026-01-26,4344,19,-98,N19W98,55,54.0,,,,,,,d,0,0,0,,0,0,0,0,0,,0,0,0,0,2026-01-15T22:56:08
2026-01-26,4341,-10,-87,S10W87,44,44.0,60.0,Hax,4.0,1.0,A,,f,0,0,0,,0,0,0,0,0,,10,1,1,1,2026-01-14T10:59:35
2026-01-25,4345,-17,-69,S17W69,39,39.0,110.0,Cso,10.0,4.0,B,,f,0,0,0,,0,0,0,0,0,,20,1,1,1,2026-01-15T22:57:46
2026-01-25,4354,-11,-27,S11W27,357,357.0,10.0,Axx,1.0,1.0,A,,f,0,0,0,,0,0,0,0,0,,5,1,1,1,2026-01-22T19:15:35
2026-01-25,4349,-14,-6,S14W06,336,335.0,230.0,Dso,5.0,7.0,B,,f,3,0,0,,1,0,0,0,0,0.0,20,5,1,1,2026-01-19T10:55:25
2026-01-25,4352,-2,-47,S02W47,17,16.0,,,,,,,f,0,0,0,,0,0,0,0,0,,0,0,0,0,2026-01-20T19:20:53
2026-01-25,4355,-12,31,S12E31,299,299.0,20.0,Cao,4.0,2.0,B,,f,0,0,0,,0,0,0,0,0,,20,5,1,1,2026-01-24T08:37:28
2026-01-25,4344,19,-84,N19W84,54,53.0,,,,,,,f,0,0,0,,0,0,0,0,0,,0,0,0,0,2026-01-15T22:56:08
2026-01-25,4347,9,-45,N09W45,15,15.0,50.0,Cso,4.0,3.0,B,,f,0,0,0,,0,0,0,0,0,,15,1,1,1,2026-01-16T19:46:04
2026-01-25,4350,18,-14,N18W14,344,343.0,,,,,,,f,0,0,0,,0,0,0,0,0,,0,0,0,0,2026-01-19T17:42:12
2026-01-25,4353,18,-29,N18W29,359,359.0,110.0,Dai,7.0,13.0,BG,,f,0,0,0,,0,0,0,0,0,,60,15,1,1,2026-01-22T07:35:46
2026-01-25,4341,-10,-74,S10W74,44,43.0,90.0,Cso,5.0,3.0,B,,f,1,0,0,,0,0,0,0,0,0.0,15,1,1,1,2026-01-14T10:59:35
2026-01-25,4351,-4,-34,S04W34,4,4.0,30.0,Cao,5.0,5.0,B,,f,5,0,0,,0,0,0,0,0,0.0,20,5,1,1,2026-01-19T17:44:24
2026-01-25,4346,-14,-63,S14W63,33,32.0,,,,,,,f,0,0,0,,0,0,0,0,0,,0,0,0,0,2026-01-15T22:59:08
2026-01-25,4342,15,-72,N15W72,42,41.0,140.0,Dso,8.0,3.0,B,,f,2,0,0,,0,0,0,0,0,0.0,20,5,1,1,2026-01-14T18:12:31
2026-01-25,4348,-17,-99,S17W99,69,68.0,,,,,,,d,0,0,0,,0,0,0,0,0,,0,0,0,0,2026-01-18T20:38:59
2026-01-24,4352,-2,-33,S02W33,16,15.0,,,,,,,f,0,0,0,,0,0,0,0,0,,0,0,0,0,2026-01-20T19:20:53
2026-01-24,4341,-10,-60,S10W60,43,45.0,200.0,Cao,4.0,5.0,B,,f,2,0,0,,0,0,0,0,0,0.0,25,5,1,1,2026-01-14T10:59:35
2026-01-24,4348,-17,-85,S17W85,68,67.0,,,,,,,f,0,0,0,,0,0,0,0,0,,1,1,0,0,2026-01-18T20:38:59
2026-01-24,4354,-11,-14,S11W14,357,356.0,10.0,Axx,2.0,1.0,A,,f,0,0,0,,0,0,0,0,0,,5,0,0,0,2026-01-22T19:15:35
2026-01-24,4347,10,-32,N10W32,15,15.0,60.0,Hsx,2.0,1.0,A,,f,0,0,0,,0,0,0,0,0,,10,1,0,0,2026-01-16T19:46:04
2026-01-24,4353,18,-16,N18W16,359,359.0,40.0,Dai,6.0,12.0,BD,,f,1,0,0,,0,0,0,0,0,0.0,50,10,1,1,2026-01-22T07:35:46
2026-01-24,4344,19,-70,N19W70,53,52.0,,,,,,,f,0,0,0,,0,0,0,0,0,,0,0,0,0,2026-01-15T22:56:08
2026-01-24,4349,-14,8,S14E08,335,335.0,130.0,Dso,3.0,2.0,B,,f,1,0,0,,0,0,0,0,0,0.0,20,5,1,0,2026-01-19T10:55:25
2026-01-24,4342,14,-58,N14W58,41,41.0,180.0,Dso,8.0,8.0,B,,f,0,0,0,,0,0,0,0,0,,20,5,1,1,2026-01-14T18:12:31
2026-01-24,4345,-17,-56,S17W56,39,39.0,160.0,Esi,11.0,7.0,B,,f,0,0,0,,0,0,0,0,0,,55,10,1,1,2026-01-15T22:57:46
2026-01-24,4355,-14,44,S14E44,299,,10.0,Cao,4.0,2.0,B,,f,0,0,0,,0,0,0,0,0,,20,5,1,1,2026-01-24T08:37:28
2026-01-24,4346,-14,-49,S14W49,32,31.0,,,,,,,f,0,0,0,,0,0,0,0,0,,0,0,0,0,2026-01-15T22:59:08
2026-01-24,4350,18,0,N18W00,343,352.0,10.0,Axx,1.0,1.0,A,,f,0,0,0,,0,0,0,0,0,,5,1,1,1,2026-01-19T17:42:12
2026-01-24,4351,-4,-21,S04W21,4,4.0,80.0,Dai,6.0,8.0,BD,,f,1,0,0,,0,0,0,0,0,0.0,50,10,1,1,2026-01-19T17:44:24
2026-01-23,4342,13,-45,N13W45,41,40.0,180.0,Dso,9.0,15.0,B,,f,0,0,0,,0,0,0,0,0,,25,5,1,1,2026-01-14T18:12:31
2026-01-23,4349,-15,21,S15E21,335,334.0,120.0,Hsx,4.0,4.0,A,,f,0,0,0,,0,0,0,0,0,,10,1,1,1,2026-01-19T10:55:25
2026-01-23,4352,-2,-19,S02W19,15,14.0,,,,,,,f,0,0,0,,0,0,0,0,0,,1,1,1,1,2026-01-20T19:20:53
2026-01-23,4344,19,-56,N19W56,52,51.0,,,,,,,f,0,0,0,,0,0,0,0,0,,1,1,1,1,2026-01-15T22:56:08
2026-01-23,4347,10,-19,N10W19,15,14.0,60.0,Hsx,2.0,1.0,A,,f,0,0,0,,0,0,0,0,0,,10,1,1,1,2026-01-16T19:46:04
2026-01-23,4345,-17,-42,S17W42,39,37.0,130.0,Eso,12.0,20.0,B,,f,1,0,0,,0,0,0,0,0,0.0,35,5,1,1,2026-01-15T22:57:46
2026-01-23,4348,-17,-71,S17W71,67,68.0,20.0,Hsx,6.0,4.0,A,,f,0,0,0,,0,0,0,0,0,,10,1,1,1,2026-01-18T20:38:59
2026-01-23,4350,21,4,N21E04,352,352.0,,,,,,,f,0,0,0,,0,0,0,0,0,,1,1,1,1,2026-01-19T17:42:12
2026-01-23,4341,-11,-49,S11W49,45,44.0,200.0,Cao,7.0,10.0,B,,f,2,0,0,,2,0,0,0,0,0.0,25,5,1,1,2026-01-14T10:59:35
2026-01-23,4351,-5,-8,S05W08,4,2.0,80.0,Dai,6.0,20.0,B,,f,0,0,0,,0,0,0,0,0,0.0,50,10,1,1,2026-01-19T17:44:24
2026-01-23,4354,-12,0,S12W00,356,356.0,10.0,Cao,3.0,6.0,B,,f,0,0,0,,0,0,0,0,0,,20,5,1,1,2026-01-22T19:15:35
2026-01-23,4343,-12,-98,S12W98,94,93.0,20.0,Hrx,1.0,1.0,A,,d,0,0,0,,0,0,0,0,0,,0,0,0,0,2026-01-15T09:56:34
2026-01-23,4346,-14,-35,S14W35,31,30.0,,,,,,,f,0,0,0,,0,0,0,0,0,,1,1,1,1,2026-01-15T22:59:08
2026-01-23,4353,17,-3,N17W03,359,359.0,100.0,Dao,5.0,25.0,B,,f,2,0,0,,0,0,0,0,0,0.0,25,5,1,1,2026-01-22T07:35:46
2026-01-22,4342,14,-31,N14W31,40,41.0,180.0,Dsi,7.0,13.0,B,,f,1,0,0,,0,0,0,0,0,0.0,50,10,1,1,2026-01-14T18:12:31
2026-01-22,4349,-14,35,S14E35,334,336.0,120.0,Cso,4.0,5.0,B,,f,0,0,0,,0,0,0,0,0,,25,5,1,1,2026-01-19T10:55:25
2026-01-22,4353,17,10,N17E10,359,,40.0,Dri,4.0,10.0,B,,f,3,0,0,,0,0,0,0,0,0.0,45,10,1,1,2026-01-22T07:35:46
2026-01-22,4341,-11,-35,S11W35,44,46.0,240.0,Cai,7.0,12.0,B,,f,0,0,0,,0,0,0,0,0,,60,20,5,1,2026-01-14T10:59:35
2026-01-22,4344,19,-42,N19W42,51,52.0,10.0,Axx,1.0,1.0,A,,f,0,0,0,,0,0,0,0,0,,5,1,1,1,2026-01-15T22:56:08
2026-01-22,4350,21,17,N21E17,352,352.0,10.0,Axx,1.0,3.0,A,,f,0,0,0,,0,0,0,0,0,,5,1,1,1,2026-01-19T17:42:12
2026-01-22,4352,-2,-5,S02W05,14,14.0,,,,,,,f,0,0,0,,0,0,0,0,0,,0,0,0,0,2026-01-20T19:20:53
2026-01-22,4345,-17,-28,S17W28,37,39.0,110.0,Eai,11.0,17.0,BG,,f,3,0,0,,0,0,0,0,0,0.0,55,15,1,1,2026-01-15T22:57:46
2026-01-22,4343,-12,-84,S12W84,93,93.0,20.0,Hrx,1.0,1.0,A,,f,0,0,0,,0,0,0,0,0,,10,1,1,1,2026-01-15T09:56:34
2026-01-22,4347,10,-5,N10W05,14,16.0,60.0,Hsx,2.0,1.0,A,,f,0,0,0,,0,0,0,0,0,0.0,10,1,1,1,2026-01-16T19:46:04
2026-01-22,4354,-13,13,S13E13,356,,10.0,Bxo,3.0,3.0,B,,f,0,0,0,,0,0,0,0,0,,10,1,1,1,2026-01-22T19:15:35
2026-01-22,4346,-14,-21,S14W21,30,29.0,,,,,,,f,0,0,0,,0,0,0,0,0,,0,0,0,0,2026-01-15T22:59:08
2026-01-22,4348,-17,-59,S17W59,68,70.0,10.0,Cro,3.0,4.0,B,,f,0,0,0,,0,0,0,0,0,,10,1,1,1,2026-01-18T20:38:59
2026-01-22,4351,-5,7,S05E07,2,4.0,80.0,Dai,7.0,16.0,B,,f,1,0,0,,0,0,0,0,0,0.0,55,15,1,1,2026-01-19T17:44:24
2026-01-21,4340,14,-92,N14W92,115,114.0,,,,,,,d,0,0,0,,0,0,0,0,0,,0,0,0,0,2026-01-11T18:01:52
2026-01-21,4343,-11,-70,S11W70,93,94.0,20.0,Cro,1.0,2.0,B,,f,0,0,0,,0,0,0,0,0,,15,5,1,1,2026-01-15T09:56:34
2026-01-21,4350,21,31,N21E31,352,351.0,10.0,Axx,1.0,1.0,A,,f,1,0,0,,0,0,0,0,0,0.0,5,1,1,1,2026-01-19T17:42:12
2026-01-21,4352,-2,9,S02E09,14,14.0,5.0,Axx,1.0,1.0,A,,f,0,0,0,,0,0,0,0,0,,5,1,1,1,2026-01-20T19:20:53
2026-01-21,4344,19,-29,N19W29,52,50.0,10.0,Axx,1.0,1.0,A,,f,0,0,0,,0,0,0,0,0,,5,1,1,1,2026-01-15T22:56:08
2026-01-21,4351,-4,19,S04E19,4,3.0,10.0,Dro,4.0,3.0,BD,,f,0,0,0,,0,0,0,0,0,,15,5,1,1,2026-01-19T17:44:24
2026-01-21,4348,-18,-47,S18W47,70,64.0,,,,,,,f,0,0,0,,0,0,0,0,0,,5,1,1,1,2026-01-18T20:38:59
2026-01-21,4347,10,7,N10E07,16,15.0,60.0,Hsx,2.0,1.0,A,,f,0,0,0,,0,0,0,0,0,,10,1,1,1,2026-01-16T19:46:04
2026-01-21,4349,-15,47,S15E47,336,335.0,120.0,Dso,5.0,3.0,B,,f,1,1,0,,1,1,0,0,0,0.0,50,5,1,1,2026-01-19T10:55:25
2026-01-21,4342,14,-18,N14W18,41,40.0,180.0,Dai,8.0,17.0,BGD,,f,2,0,0,,0,0,0,0,0,0.0,50,10,1,1,2026-01-14T18:12:31
2026-01-21,4345,-17,-16,S17W16,39,38.0,120.0,Eai,11.0,25.0,BG,,f,3,1,0,,1,0,0,0,0,0.0,65,20,5,5,2026-01-15T22:57:46
2026-01-21,4341,-11,-23,S11W23,46,45.0,310.0,Dkc,8.0,12.0,BD,,f,3,0,0,,2,0,0,0,0,0.0,70,25,5,1,2026-01-14T10:59:35
2026-01-21,4346,-14,-7,S14W07,29,29.0,,,,,,,f,0,0,0,,0,0,0,0,0,,1,1,1,1,2026-01-15T22:59:08
2026-01-20,4346,-14,7,S14E07,29,29.0,,,,,,,f,0,0,0,,0,0,0,0,0,,1,1,1,1,2026-01-15T22:59:08
2026-01-20,4349,-14,61,S14E61,335,336.0,80.0,Cso,4.0,2.0,B,,f,2,0,0,,0,0,0,0,0,0.0,20,5,1,1,2026-01-19T10:55:25
2026-01-20,4352,-2,22,S02E22,14,,10.0,Axx,1.0,1.0,A,,f,0,0,0,,0,0,0,0,0,,5,1,1,1,2026-01-20T19:20:53
2026-01-20,4341,-11,-9,S11W09,45,46.0,300.0,Dko,7.0,13.0,B,,f,0,0,0,,0,0,0,0,0,0.0,65,15,5,5,2026-01-14T10:59:35
2026-01-20,4344,19,-16,N19W16,50,48.0,10.0,Axx,1.0,1.0,A,,f,0,0,0,,0,0,0,0,0,,5,1,1,1,2026-01-15T22:56:08
2026-01-20,4340,14,-78,N14W78,114,113.0,,,,,,,f,0,0,0,,0,0,0,0,0,,1,1,1,1,2026-01-11T18:01:52
2026-01-20,4347,11,21,N11E21,15,15.0,50.0,Hsx,2.0,1.0,A,,f,0,0,0,,0,0,0,0,0,,10,1,1,1,2026-01-16T19:46:04
2026-01-20,4348,-18,-28,S18W28,64,64.0,10.0,Bxo,6.0,4.0,B,,f,0,0,0,,0,0,0,0,0,,10,1,1,1,2026-01-18T20:38:59
2026-01-20,4343,-9,-58,S09W58,94,98.0,20.0,Hrx,2.0,1.0,A,,f,0,0,0,,0,0,0,0,0,,10,1,1,1,2026-01-15T09:56:34
2026-01-20,4350,21,45,N21E45,351,353.0,10.0,Axx,1.0,1.0,A,,f,0,0,0,,0,0,0,0,0,,10,1,1,1,2026-01-19T17:42:12
2026-01-20,4351,-4,33,S04E33,3,3.0,20.0,Bxo,3.0,2.0,B,,f,0,0,0,,0,0,0,0,0,,10,1,1,1,2026-01-19T17:44:24
2026-01-20,4342,14,-4,N14W04,40,39.0,160.0,Dsi,7.0,16.0,BG,,f,0,0,0,,0,0,0,0,0,,50,10,1,1,2026-01-14T18:12:31
2026-01-20,4345,-17,-2,S17W02,38,38.0,120.0,Dai,9.0,20.0,BG,,f,6,0,0,,4,0,0,0,0,0.0,75,15,1,1,2026-01-15T22:57:46
2026-01-19,4343,-10,-49,S10W49,98,97.0,110.0,Dai,10.0,13.0,B,,f,0,0,0,,0,0,0,0,0,,50,10,1,1,2026-01-15T09:56:34
2026-01-19,4349,-14,73,S14E73,336,,20.0,Hsx,1.0,1.0,A,,f,0,0,0,,0,0,0,0,0,,10,5,1,1,2026-01-19T10:55:25
2026-01-19,4351,-5,46,S05E46,3,,20.0,Dro,3.0,2.0,B,,f,0,0,0,,0,0,0,0,0,,15,5,1,1,2026-01-19T17:44:24
2026-01-19,4340,14,-64,N14W64,113,112.0,,,,,,,f,0,0,0,,0,0,0,0,0,,0,0,0,0,2026-01-11T18:01:52
2026-01-19,4347,11,34,N11E34,15,15.0,60.0,Hsx,2.0,1.0,A,,f,0,0,0,,0,0,0,0,0,,10,1,1,1,2026-01-16T19:46:04
2026-01-19,4350,20,56,N20E56,353,,20.0,Dro,4.0,3.0,B,,f,0,0,0,,0,0,0,0,0,,15,5,1,1,2026-01-19T17:42:12
2026-01-19,4341,-11,3,S11E03,46,45.0,290.0,Dkc,9.0,12.0,BG,,f,0,0,0,,0,0,0,0,0,,99,35,20,99,2026-01-14T10:59:35
2026-01-19,4342,14,10,N14E10,39,40.0,140.0,Dai,7.0,15.0,B,,f,1,0,0,,0,0,0,0,0,0.0,60,25,1,5,2026-01-14T18:12:31
2026-01-19,4345,-16,11,S16E11,38,38.0,30.0,Cro,6.0,7.0,B,,f,5,1,0,,1,0,0,0,0,0.0,15,5,1,1,2026-01-15T22:57:46
2026-01-19,4348,-18,-15,S18W15,64,64.0,20.0,Cro,4.0,3.0,B,,f,0,0,0,,0,0,0,0,0,,20,5,1,1,2026-01-18T20:38:59
2026-01-19,4344,18,-1,N18W01,48,51.0,30.0,Dro,5.0,5.0,B,,f,0,0,0,,0,0,0,0,0,,15,5,1,1,2026-01-15T22:56:08
2026-01-19,4346,-14,20,S14E20,29,28.0,,,,,,,f,0,0,0,,0,0,0,0,0,,0,0,0,0,2026-01-15T22:59:08
2026-01-18,4343,-11,-35,S11W35,97,97.0,180.0,Dao,10.0,18.0,B,,f,0,0,0,,0,0,0,0,0,,35,5,1,1,2026-01-15T09:56:34
2026-01-18,4345,-16,24,S16E24,38,38.0,20.0,Cso,7.0,8.0,B,,f,0,0,0,,0,0,0,0,0,,15,1,1,1,2026-01-15T22:57:46
2026-01-18,4344,18,11,N18E11,51,52.0,30.0,Dao,4.0,4.0,B,,f,0,0,0,,0,0,0,0,0,,25,5,1,1,2026-01-15T22:56:08
2026-01-18,4342,16,22,N16E22,40,40.0,80.0,Dac,4.0,11.0,B,,f,2,0,0,,1,0,0,0,0,0.0,60,25,1,1,2026-01-14T18:12:31
2026-01-18,4340,14,-50,N14W50,112,111.0,,,,,,,f,0,0,0,,0,0,0,0,0,,0,0,0,0,2026-01-11T18:01:52
2026-01-18,4346,-14,34,S14E34,28,27.0,0.0,Axx,1.0,1.0,A,,f,0,0,0,,0,0,0,0,0,,5,0,0,0,2026-01-15T22:59:08
2026-01-18,4348,-19,-2,S19W02,64,,20.0,Cao,3.0,4.0,B,,f,0,0,0,,0,0,0,0,0,,20,5,1,1,2026-01-18T20:38:59
2026-01-18,4341,-11,17,S11E17,45,45.0,360.0,Dkc,7.0,13.0,BGD,,f,2,0,1,,2,0,0,1,0,0.0,80,35,20,10,2026-01-14T10:59:35
2026-01-18,4347,10,47,N10E47,15,15.0,60.0,Hsx,1.0,1.0,A,,f,0,0,0,,0,0,0,0,0,,10,0,0,0,2026-01-16T19:46:04
